,GeoAreaName,2019
12,Samoa,41.31943
27,Armenia,14.42958
30,Gambia,13.01495
0,Switzerland,8.94721
3,Ghana,7.81683
6,Malawi,6.83669
9,Mongolia,6.15736
15,Micronesia (Federated States of),4.79451
18,Cameroon,3.97374
21,Bhutan,3.80666
24,Niger,2.85839
33,Albania,1.92145
36,Marshall Islands,1.88118
39,Kenya,1.79176
42,Nepal,1.78996
45,Egypt,1.72561
48,Cyprus,1.41835
51,Afghanistan,1.16548
54,Myanmar,0.96798
57,Cambodia,0.94798
